{
  "$schema": "https://schema.management.azure.com/schemas/2019-04-01/deploymentTemplate.json#",
  "contentVersion": "1.0.0.0",
  "parameters": {
    "functionAppName": {
      "type": "string",
      "defaultValue": "liquidity-gate-func"
    },
    "storageAccountName": {
      "type": "string",
      "defaultValue": "stliquidityfunc01"
    },
    "location": {
      "type": "string",
      "defaultValue": "uksouth"
    },
    "hostingPlanName": {
      "type": "string",
      "defaultValue": "liquidity-gate-plan"
    }
  },
  "variables": {
    "storageAccountId": "[resourceId('Microsoft.Storage/storageAccounts', parameters('storageAccountName'))]"
  },
  "resources": [
    {
      "type": "Microsoft.Web/sites",
      "apiVersion": "2022-09-01",
      "name": "[parameters('functionAppName')]",
      "location": "[parameters('location')]",
      "kind": "functionapp,linux",
      "identity": {
        "type": "SystemAssigned"
      },
      "properties": {
        "serverFarmId": "[resourceId('Microsoft.Web/serverfarms', parameters('hostingPlanName'))]",
        "siteConfig": {
          "linuxFxVersion": "Python|3.11",
          "appSettings": [
            {
              "name": "FUNCTIONS_EXTENSION_VERSION",
              "value": "~4"
            },
            {
              "name": "FUNCTIONS_WORKER_RUNTIME",
              "value": "python"
            },
            {
              "name": "AzureWebJobsStorage__accountName",
              "value": "[parameters('storageAccountName')]"
            },
            {
              "name": "STORAGE_ACCOUNT_NAME",
              "value": "sttreasurydemo01"
            },
            {
              "name": "STORAGE_CONTAINER",
              "value": "treasury-demo"
            }
          ]
        },
        "httpsOnly": true
      }
    }
  ],
  "outputs": {
    "functionAppName": {
      "type": "string",
      "value": "[parameters('functionAppName')]"
    },
    "principalId": {
      "type": "string",
      "value": "[reference(resourceId('Microsoft.Web/sites', parameters('functionAppName')), '2022-09-01', 'Full').identity.principalId]"
    }
  }
}
