{
  "version": "2.0",
  "logging": {
    "applicationInsights": {
      "samplingSettings": {
        "isEnabled": true,
        "excludedTypes": "Request"
      }
    }
  },
  "extensionBundle": {
    "id": "Microsoft.Azure.Functions.ExtensionBundle.Experimental",
    "version": "[4.*, 5.0.0)"
  },
  "extensions": {
    "mcp": {
      "serverName": "LiquidityGate",
      "serverVersion": "2.0.0",
      "instructions": "Treasury Liquidity Gate MCP Server. Use compute_liquidity_impact to assess whether releasing a payment would breach minimum cash buffer thresholds.",
      "encryptClientState": false
    }
  }
}
