{
  "definition": {
    "$schema": "https://schema.management.azure.com/providers/Microsoft.Logic/schemas/2016-06-01/workflowdefinition.json#",
    "contentVersion": "1.0.0.0",
    "triggers": {
      "When_a_HTTP_request_is_received": {
        "type": "Request",
        "kind": "Http",
        "inputs": {
          "schema": {
            "type": "object",
            "properties": {
              "name": {
                "type": "string",
                "description": "Name to screen against sanctions list"
              },
              "country": {
                "type": "string",
                "description": "Optional country filter"
              },
              "context": {
                "type": "object",
                "properties": {
                  "payment_id": { "type": "string" },
                  "amount": { "type": "number" },
                  "currency": { "type": "string" }
                }
              }
            },
            "required": ["name"]
          }
        }
      }
    },
    "actions": {
      "Initialize_decision": {
        "type": "InitializeVariable",
        "inputs": {
          "variables": [
            {
              "name": "decision",
              "type": "string",
              "value": "CLEAR"
            }
          ]
        },
        "runAfter": {}
      },
      "Initialize_bestScore": {
        "type": "InitializeVariable",
        "inputs": {
          "variables": [
            {
              "name": "bestScore",
              "type": "integer",
              "value": 0
            }
          ]
        },
        "runAfter": {
          "Initialize_decision": ["Succeeded"]
        }
      },
      "Initialize_bestMatch": {
        "type": "InitializeVariable",
        "inputs": {
          "variables": [
            {
              "name": "bestMatch",
              "type": "object",
              "value": {}
            }
          ]
        },
        "runAfter": {
          "Initialize_bestScore": ["Succeeded"]
        }
      },
      "Normalize_Name": {
        "type": "Compose",
        "inputs": "@toUpper(trim(triggerBody()?['name']))",
        "runAfter": {
          "Initialize_bestMatch": ["Succeeded"]
        }
      },
      "Query_Azure_AI_Search": {
        "type": "Http",
        "inputs": {
          "method": "POST",
          "uri": "https://chatops-ozguler.search.windows.net/indexes/idx-ofac-sdn-v1/docs/search?api-version=2023-11-01",
          "headers": {
            "Content-Type": "application/json",
            "api-key": "@appsetting('AZURE_SEARCH_API_KEY')"
          },
          "body": {
            "search": "@{outputs('Normalize_Name')}",
            "top": 5,
            "queryType": "simple",
            "searchFields": "primary_name,aka_names",
            "select": "uid,primary_name,aka_names,programs,entity_type,snapshot_date"
          }
        },
        "runAfter": {
          "Normalize_Name": ["Succeeded"]
        }
      },
      "Parse_Search_Results": {
        "type": "ParseJson",
        "inputs": {
          "content": "@body('Query_Azure_AI_Search')",
          "schema": {
            "type": "object",
            "properties": {
              "@odata.context": { "type": "string" },
              "value": {
                "type": "array",
                "items": {
                  "type": "object",
                  "properties": {
                    "@search.score": { "type": "number" },
                    "uid": { "type": "string" },
                    "primary_name": { "type": "string" },
                    "aka_names": {
                      "type": "array",
                      "items": { "type": "string" }
                    },
                    "programs": {
                      "type": "array",
                      "items": { "type": "string" }
                    },
                    "entity_type": { "type": "string" },
                    "snapshot_date": { "type": "string" }
                  }
                }
              }
            }
          }
        },
        "runAfter": {
          "Query_Azure_AI_Search": ["Succeeded"]
        }
      },
      "Check_If_Results_Exist": {
        "type": "If",
        "expression": {
          "and": [
            {
              "greater": [
                "@length(body('Parse_Search_Results')?['value'])",
                0
              ]
            }
          ]
        },
        "actions": {
          "For_Each_Result": {
            "type": "Foreach",
            "foreach": "@body('Parse_Search_Results')?['value']",
            "actions": {
              "Get_Candidate_Name": {
                "type": "Compose",
                "inputs": "@toUpper(items('For_Each_Result')?['primary_name'])",
                "runAfter": {}
              },
              "Check_Exact_Match": {
                "type": "If",
                "expression": {
                  "or": [
                    {
                      "equals": [
                        "@outputs('Get_Candidate_Name')",
                        "@outputs('Normalize_Name')"
                      ]
                    },
                    {
                      "contains": [
                        "@join(items('For_Each_Result')?['aka_names'], '|')",
                        "@outputs('Normalize_Name')"
                      ]
                    }
                  ]
                },
                "actions": {
                  "Set_Decision_BLOCK": {
                    "type": "SetVariable",
                    "inputs": {
                      "name": "decision",
                      "value": "BLOCK"
                    },
                    "runAfter": {}
                  },
                  "Set_BestScore_95": {
                    "type": "SetVariable",
                    "inputs": {
                      "name": "bestScore",
                      "value": 95
                    },
                    "runAfter": {
                      "Set_Decision_BLOCK": ["Succeeded"]
                    }
                  },
                  "Set_BestMatch_Exact": {
                    "type": "SetVariable",
                    "inputs": {
                      "name": "bestMatch",
                      "value": "@items('For_Each_Result')"
                    },
                    "runAfter": {
                      "Set_BestScore_95": ["Succeeded"]
                    }
                  }
                },
                "else": {
                  "actions": {
                    "Check_Partial_Match": {
                      "type": "If",
                      "expression": {
                        "and": [
                          {
                            "not": {
                              "equals": [
                                "@variables('decision')",
                                "BLOCK"
                              ]
                            }
                          },
                          {
                            "or": [
                              {
                                "contains": [
                                  "@outputs('Get_Candidate_Name')",
                                  "@first(split(outputs('Normalize_Name'), ' '))"
                                ]
                              },
                              {
                                "contains": [
                                  "@outputs('Normalize_Name')",
                                  "@first(split(outputs('Get_Candidate_Name'), ' '))"
                                ]
                              }
                            ]
                          }
                        ]
                      },
                      "actions": {
                        "Set_Decision_ESCALATE": {
                          "type": "SetVariable",
                          "inputs": {
                            "name": "decision",
                            "value": "ESCALATE"
                          },
                          "runAfter": {}
                        },
                        "Set_BestScore_80": {
                          "type": "SetVariable",
                          "inputs": {
                            "name": "bestScore",
                            "value": 80
                          },
                          "runAfter": {
                            "Set_Decision_ESCALATE": ["Succeeded"]
                          }
                        },
                        "Set_BestMatch_Partial": {
                          "type": "SetVariable",
                          "inputs": {
                            "name": "bestMatch",
                            "value": "@items('For_Each_Result')"
                          },
                          "runAfter": {
                            "Set_BestScore_80": ["Succeeded"]
                          }
                        }
                      },
                      "else": {
                        "actions": {}
                      },
                      "runAfter": {}
                    }
                  }
                },
                "runAfter": {
                  "Get_Candidate_Name": ["Succeeded"]
                }
              }
            },
            "runAfter": {}
          }
        },
        "else": {
          "actions": {}
        },
        "runAfter": {
          "Parse_Search_Results": ["Succeeded"]
        }
      },
      "Return_Response": {
        "type": "Response",
        "kind": "Http",
        "inputs": {
          "statusCode": 200,
          "headers": {
            "Content-Type": "application/json"
          },
          "body": {
            "decision": "@variables('decision')",
            "confidence": "@variables('bestScore')",
            "best_match": "@variables('bestMatch')",
            "matches": "@body('Parse_Search_Results')?['value']",
            "input": {
              "name": "@triggerBody()?['name']",
              "normalized_name": "@outputs('Normalize_Name')",
              "country": "@triggerBody()?['country']",
              "context": "@triggerBody()?['context']"
            },
            "audit": {
              "index": "idx-ofac-sdn-v1",
              "snapshot_date": "@variables('bestMatch')?['snapshot_date']",
              "workflow_run_id": "@workflow()?['run']?['name']",
              "timestamp_utc": "@utcNow()"
            }
          }
        },
        "runAfter": {
          "Check_If_Results_Exist": ["Succeeded"]
        }
      }
    },
    "outputs": {}
  },
  "kind": "Stateful"
}
